date,n_users,unadj_prev,adj_prev,adj_prev_ci_low,adj_prev_ci_high
2020-05-10,54505,0.00675137771704631,0.00670723702410414,0.00596835759157454,0.00756175997321414
2020-05-11,62697,0.00668358441852705,0.00664440119754659,0.00595807680301599,0.00742382717160141
2020-05-12,69559,0.00697931206898521,0.00693497453651851,0.0062692068107703,0.00768247116779203
2020-05-13,73362,0.00720135833479755,0.00714680522178637,0.00648857723604307,0.00788045286131092
2020-05-14,76078,0.00724890835999255,0.00719087637610886,0.00654312402208071,0.00791044873816906
2020-05-15,77960,0.00724625676295422,0.00712753993934394,0.00649315725021504,0.00783284144303728
2020-05-16,79012,0.00715058519923755,0.00702663558314795,0.00640167020908204,0.00772262061791442
2020-05-17,79818,0.0071246708772828,0.00702322015822837,0.00639966078729575,0.00771625570296396
2020-05-18,80318,0.00709101405555285,0.00696804690577449,0.0063497597265321,0.00765752717031063
2020-05-19,81278,0.00696194126925907,0.00682246641610661,0.00621795543938804,0.00749811973674137
2020-05-20,81892,0.00666516097781864,0.00655753017213601,0.00596585378214153,0.0072196115153901
2020-05-21,82157,0.00640675004835639,0.00627428487681179,0.00569750181255569,0.0069204371874303
2020-05-22,82509,0.00626647728201928,0.00615686731903351,0.00558463545404952,0.0067995995661573
2020-05-23,82669,0.00627707986133202,0.00618629360553693,0.00561216436045585,0.00683199925742804
2020-05-24,82617,0.00622790729641004,0.0061598164032138,0.00558593745584615,0.00680537335060337
2020-05-25,82790,0.00598471755432752,0.00590907191439809,0.00534778173729808,0.00654157283081448
2020-05-26,82365,0.0058205223900571,0.00571618866349172,0.00516563742117693,0.00633845147871189
2020-05-27,82018,0.00574436480831028,0.00562123721590631,0.00507525351572777,0.00624009710268292
2020-05-28,81572,0.00570545973212915,0.0056012192792966,0.00505210626687376,0.00622506468790485
2020-05-29,82899,0.00563284795610684,0.00556683211123148,0.0050204351952305,0.00618699984242741
2020-05-30,83487,0.0055642221776873,0.00547151684703886,0.00493451034771551,0.00608077687369617
2020-05-31,83088,0.0053544005131588,0.00524970206305682,0.00472417894423599,0.00584702665101668
2020-06-01,83671,0.00519550826130307,0.00508260449059821,0.00456930902627128,0.00566856836532983
2020-06-02,84299,0.00503747064143647,0.0049301482616085,0.00442738358555116,0.00550571552302374
2020-06-03,84597,0.0049382086062203,0.00488413130534715,0.00438200256365486,0.00545985694642691
2020-06-04,84882,0.00497952332656201,0.00494119962163717,0.00443432643822857,0.00552150404054067
2020-06-05,84908,0.00508159530367543,0.00505822227731683,0.00454289638519405,0.00564742704776054
2020-06-06,88463,0.00520352678359288,0.00517304158123118,0.00466400225185805,0.00575357117378716
2020-06-07,89988,0.00517849368665029,0.00512397166851531,0.00462355588213087,0.00569533818919683
2020-06-08,90507,0.00518211533303368,0.00516795651749547,0.00466479892463656,0.00574043912644312
2020-06-09,90479,0.00509163667464744,0.00509831427626755,0.00459650330310652,0.00567049879815072
2020-06-10,90238,0.00502395186956978,0.0050293208706221,0.00453046149077684,0.00559892220108936
2020-06-11,89888,0.0049887820189276,0.00498853317132442,0.00448987994738274,0.00555840996168757
2020-06-12,89479,0.00489283569288954,0.0048806687373951,0.00438651393339296,0.00544767411561861
2020-06-13,88877,0.00485284735905478,0.0048674163085767,0.00437051769796317,0.00543661770197211
2020-06-14,88221,0.00459952132442376,0.00462098425838885,0.00413413125309374,0.00518089890793466
2020-06-15,87766,0.00451187235097397,0.00453302679260427,0.00404962415361678,0.00509089792635295
2020-06-16,87434,0.00450756873603874,0.00450670302655587,0.00402507736591696,0.00506341285696742
2020-06-17,87052,0.00443305808847243,0.00443657112277169,0.00395893249769775,0.00499133053872551
2020-06-18,86522,0.00433481633157368,0.00436087091707016,0.00388381875963298,0.00491653456558793
2020-06-19,85663,0.00428850583435175,0.00433407606682195,0.00385567631969661,0.00489250570163286
2020-06-20,85154,0.00414457214987085,0.00415864640208493,0.0036905820706058,0.00470726223990423
2020-06-21,85030,0.00402414344665684,0.00409045666326148,0.0036200924755641,0.00464248744955875
2020-06-22,84419,0.00390138320255081,0.00393846628457597,0.00347809519152716,0.00448217404665134
2020-06-23,83995,0.00379859083130585,0.00384762018455781,0.00338930594959358,0.00439016909623037
2020-06-24,83651,0.00369735965708653,0.00374998870086,0.00329600018400159,0.00428769102706737
2020-06-25,83130,0.00345592435616621,0.00351003689127794,0.00306842363257989,0.00403726391767857
2020-06-26,83120,0.00339012550633505,0.00343216810315025,0.00299654681835374,0.00395172911151424
2020-06-27,82831,0.00326744454097501,0.00331495641361274,0.00288453045480129,0.00383280794717927
2020-06-28,82337,0.00321776263840257,0.00323698567758162,0.00281270244091879,0.00374781662496807
2020-06-29,82037,0.00324069233343566,0.00329005345415632,0.00285821273182643,0.00380796710339009
2020-06-30,81804,0.00334739724873635,0.00339509105813099,0.00295388949730528,0.00392468972751531
2020-07-01,81467,0.0034491245460841,0.00348879390976636,0.00304185570836193,0.00402581089032903
2020-07-02,81288,0.00347942884738845,0.00347593160318607,0.0030341329191927,0.00400733425219106
2020-07-03,81695,0.00348525213363964,0.00350110184723872,0.00305669881640089,0.00403566875201346
2020-07-04,81518,0.00355683183648021,0.00355185659916366,0.00310572289312193,0.00408740729297097
2020-07-05,80241,0.0034973521233462,0.00348890667171348,0.00304413092088332,0.00402399979088701
2020-07-06,80004,0.00336848040251228,0.00336574558583897,0.00292768034047282,0.00389708041476755
2020-07-07,79630,0.00336122713304244,0.00334223963053745,0.00290691704661423,0.00387296822644587
2020-07-08,79876,0.00334227511969667,0.00331699951016518,0.00288400418277449,0.00384480538262052
2020-07-09,79558,0.00335431822212261,0.00336234350075668,0.0029224937079923,0.00389624429076024
2020-07-10,78447,0.00331020836616464,0.00331969409807423,0.00287874166853137,0.00385635517490853
2020-07-11,78053,0.00327033403126443,0.00328025307799036,0.00283991744619461,0.00381719102908124
2020-07-12,78697,0.00324824290439378,0.00323913164746008,0.0028050109807675,0.0037713107656943
2020-07-13,78137,0.00318865153885567,0.00313644393257209,0.00271058697270031,0.00366232925358012
2020-07-14,77699,0.00313663126195035,0.00312558564762682,0.00269630132441121,0.00365606573810778
2020-07-15,76495,0.00310200381630252,0.00309444898187099,0.00266385832846787,0.00362420548337519
2020-07-16,76118,0.00294755851164683,0.002953657672382,0.00252665956176168,0.0034822280457244
2020-07-17,75589,0.00281041953411748,0.00278528203398463,0.00237316964735896,0.00329847667407889
2020-07-18,74986,0.00268942270438509,0.00267984538205003,0.00227560001600572,0.00318880013013968
2020-07-19,74575,0.00255722743396918,0.00256002201042924,0.0021622902054344,0.00306392534997527
2020-07-20,74322,0.00255830571193179,0.00254316312537747,0.00214801262843204,0.00304582443135562
2020-07-21,73812,0.00250708329293354,0.00246865190362935,0.0020790626371962,0.002963211757903
2020-07-22,73323,0.00247390267411565,0.00244025956816691,0.00205232788482232,0.00293404361222143
2020-07-23,72975,0.0025026392035184,0.00250196788600355,0.00210553662634854,0.00300666970852048
2020-07-24,72721,0.00257522986594197,0.00259037004192144,0.00218328361168668,0.00310664232710109
2020-07-25,72405,0.00252912836248097,0.00252884297871147,0.00212630251923436,0.00304236479094021
2020-07-26,71942,0.00251414440888984,0.00250810261419647,0.00210501265049865,0.00302334250873663
2020-07-27,71565,0.0024695561459988,0.0024728652130856,0.00207318012980069,0.00298556537682772
2020-07-28,71185,0.00253349323049082,0.00255043987659622,0.00214123908321965,0.00307279648287817
2020-07-29,70820,0.00253095479878404,0.00253442179589484,0.00212476141479525,0.00305918334759785
2020-07-30,70479,0.00251952960632406,0.00254759455063372,0.0021318066591455,0.00307913795554681
2020-07-31,69988,0.00240201840634962,0.00243658327617939,0.00202811773069489,0.00296152931211722
2020-08-01,69497,0.00228376449156246,0.00230058438442177,0.00190425198165812,0.0028139172422008
2020-08-02,69008,0.00223871785752927,0.00225964573773635,0.00186565314800144,0.00277101260998008
2020-08-03,68779,0.00213689904316215,0.00217781145422047,0.0017889472403253,0.00267995294245165
2020-08-04,68381,0.0021738545216753,0.00221115832294412,0.00181766747707679,0.00271957486783709
2020-08-05,67959,0.00222335860798674,0.00229798565109926,0.00189144600403486,0.00282230429539399
2020-08-06,67584,0.00226472647067561,0.00232512728482738,0.00191641623308419,0.00285064726306855
2020-08-07,67160,0.0021760987845019,0.00224288348543543,0.00183764187657585,0.00276757178002715
2020-08-08,66842,0.00213969472034071,0.00219252170605069,0.00179275390634447,0.00271444507279469
2020-08-09,66428,0.0020372979819068,0.00208056320893488,0.00169291484008977,0.00259067628521955
2020-08-10,66090,0.00203364915290407,0.00209301758250255,0.00170071747161893,0.00261108306151718
2020-08-11,65667,0.00206296224052709,0.00210901577254129,0.00171603261689239,0.00262950671461879
2020-08-12,65329,0.00207906463498138,0.00211437788171408,0.00171993710854377,0.00263545625011919
2020-08-13,65000,0.00204288101955107,0.00206741997197661,0.0016801038830355,0.00258120820702887
2020-08-14,64691,0.00203249875815373,0.00206637478682232,0.00167811112403299,0.00258128527326722
2020-08-15,64383,0.00200501816443298,0.00203582600106062,0.00164891428179737,0.0025508174717253
2020-08-16,64089,0.00200904155022731,0.00201078403172428,0.00162803810507814,0.00252683857623624
2020-08-17,63470,0.00207242144958824,0.00210432110197108,0.00170590227803216,0.00263998825681609
2020-08-18,63421,0.00223913175972901,0.00228616335512842,0.00187030317489966,0.00283706031362121
2020-08-19,63123,0.0021608398009699,0.00216879548376715,0.00176637032480263,0.00270773476607833
2020-08-20,62797,0.00222036580283898,0.00224632929231036,0.00183222500222922,0.00279835938418465
2020-08-21,62430,0.00219074627980293,0.00219009481074466,0.00177937063658694,0.00273938166357283
2020-08-22,62228,0.00224060312883818,0.00222912916549514,0.0018143435552371,0.00278352277623068
2020-08-23,61990,0.0022854153867644,0.00229530413380267,0.00187079290703547,0.00286473866528158
2020-08-24,62126,0.00241405696531749,0.00246373444756301,0.00202094938874865,0.00305221070894169
2020-08-25,61785,0.00257788504983306,0.00266248761913592,0.00219839333336957,0.00327308390861625
2020-08-26,61498,0.00280891763327522,0.00294612940309725,0.00245147864520729,0.00358956195486269
2020-08-27,61112,0.00304472366772704,0.00317331357130821,0.00266141391512229,0.00383004147594659
2020-08-28,60827,0.00311656774134819,0.00324290008271668,0.0027246591269153,0.00390579229886271
2020-08-29,60551,0.00325610753618883,0.00346051018677863,0.00291785280972689,0.00414797831139408
2020-08-30,60233,0.00341491651260194,0.00364672381538721,0.00308721889809731,0.00434944457329461
2020-08-31,60066,0.00350376678435741,0.00376663298243027,0.00319526247993886,0.00447996576109509
2020-09-01,59712,0.00371107793773293,0.00401344119895044,0.00341690538021008,0.00475211389213386
2020-09-02,62412,0.00405460248668589,0.00431415812393586,0.00371412605765152,0.00504156126441831
2020-09-03,63494,0.00415857754760582,0.00446544767931456,0.00385738657047143,0.00520217035960185
2020-09-04,63597,0.00419629760965216,0.00450187305917634,0.00388999511337198,0.00524250476456509
2020-09-05,63604,0.00430149071102039,0.00460892288187336,0.0039924290747068,0.005353637268911
2020-09-06,63390,0.00426486090891524,0.00458988635894322,0.00397235489258887,0.00533693699207877
2020-09-07,63222,0.00438430649026454,0.00473973839551985,0.00411037444207917,0.00549757874109366
2020-09-08,63060,0.00449865266251632,0.00490462956006765,0.00425780989438295,0.00567855579329954
2020-09-09,60896,0.00451114239465282,0.0050317038846682,0.00435630609304334,0.0058455039370339
2020-09-10,59828,0.00443092440649966,0.0049536386782444,0.00427756832442144,0.00577244757596654
2020-09-11,59235,0.00436243459811984,0.00497203416522412,0.00428419802699566,0.00580389828042691
2020-09-12,58786,0.00436918284534511,0.00502121367350657,0.00432043253323522,0.005872107925058
2020-09-13,58347,0.00433487448825283,0.00498826065093612,0.00428751756789178,0.00584644051470237
2020-09-14,57932,0.00420089373545389,0.00480658900736814,0.00411813946226151,0.00565450907620697
2020-09-15,57550,0.00408043276888191,0.00462823837002051,0.00395919337876015,0.00545638055609291
2020-09-16,57113,0.00401451597412499,0.00461321596869616,0.00394039819243305,0.00543992983063478
2020-09-17,56783,0.00391268870822477,0.00450084982023174,0.00383188498491265,0.00532321678226805
2020-09-18,56446,0.00382033772667187,0.0044171971278335,0.00374665476253179,0.00524110798407013
2020-09-19,55357,0.00371146276767786,0.00429989675661951,0.00363187385116271,0.00512664881140364
2020-09-20,54911,0.00359038693663133,0.00410782921111835,0.0034557956783156,0.00492198375169472
2020-09-21,54589,0.00347996418946543,0.00394090382765333,0.00330465829947821,0.00473977724900673
2020-09-22,54397,0.0034695180904779,0.00392353992943674,0.00328980266928168,0.00472121123026417
2020-09-23,54197,0.00339615103145816,0.00379721843237027,0.00317197073424676,0.00459546676293568
2020-09-24,54051,0.00334536862182182,0.00366836667348483,0.00305977720408823,0.00445543201674938
2020-09-25,53861,0.00332420104785644,0.00369736017713681,0.00307594805617043,0.00449661898746747
2020-09-26,54664,0.00332037827225894,0.00374115221699669,0.00311631311599602,0.00453802705530579
2020-09-27,54468,0.00332709174568185,0.00372875476158682,0.00310494816963396,0.00452289148873476
2020-09-28,54376,0.00328541923679509,0.00365304245306668,0.00304038367313805,0.00444107762666302
2020-09-29,54153,0.00327146486361875,0.00365283147460394,0.00303665410877496,0.00444303202761447
2020-09-30,53902,0.00321399652294354,0.00357018673095559,0.00295910749225704,0.00435592947181951
2020-10-01,53715,0.00317520019111968,0.00350344543219895,0.00290015798048822,0.00428326446068644
2020-10-02,53568,0.00315948906424861,0.00348824448464331,0.00288843478454218,0.00426433125661139
2020-10-03,53470,0.00321146284102242,0.00356149255421885,0.00295470974327763,0.00434626459498819
2020-10-04,53341,0.00321639826717037,0.00357076316084916,0.00295929599149587,0.00436274717006942
2020-10-05,53212,0.00316911431144982,0.00355514423625487,0.0029421016748488,0.00434528351131996
2020-10-06,54246,0.00329191086981124,0.00368343113728208,0.00306585324146452,0.00447115557837816
2020-10-07,54899,0.00337510701094228,0.00376259599132572,0.00314118409270442,0.00454845923733243
2020-10-08,54863,0.00330767977536489,0.00375833275919386,0.00313028818703352,0.00455033301211972
2020-10-09,54689,0.00329552526982784,0.00370633773057413,0.00308833238180537,0.00449246763605734
2020-10-10,54443,0.0032725689121451,0.00370370547143629,0.00307774549950767,0.00450429428864589
2020-10-11,54481,0.003274625190009,0.00368095319706109,0.00306437547963879,0.00446585777441311
2020-10-12,54605,0.00329337038939957,0.00369977972794715,0.00308371951061619,0.00448378233449644
2020-10-13,53626,0.00323021108457961,0.00358371298352714,0.0029773228460523,0.00436201198627191
2020-10-14,53024,0.00322822045178048,0.00359506712882697,0.00298050899099068,0.00438256732183481
2020-10-15,52737,0.00331842964450515,0.00368389041671802,0.00306204640870378,0.00448008032962378
2020-10-16,52618,0.00331710511407464,0.00368670904396866,0.00305959634923419,0.00449268825131588
2020-10-17,52473,0.00338899870166923,0.00382644353725581,0.00317711857631653,0.0046500875926225
2020-10-18,52216,0.00332241482072751,0.00377503838334167,0.00312648459730823,0.00459601236707608
2020-10-19,52027,0.00338630121014076,0.00383643061596973,0.00318693935036701,0.0046574397413467
2020-10-20,51998,0.00344746418589614,0.00389765857709511,0.0032396663727847,0.00472561947687905
2020-10-21,51970,0.00358223559507332,0.00401869309855827,0.00335514298475466,0.00484897785778363
2020-10-22,52400,0.00358641842904782,0.00403355722254142,0.00336954189858351,0.00486414230291874
2020-10-23,52468,0.00351467604498888,0.0038972309646218,0.00325266258919386,0.0047072034488607
2020-10-24,52493,0.00341569288958867,0.00385943123621899,0.00320972501693659,0.00467788640731954
2020-10-25,52622,0.00341932242352915,0.00378928282448019,0.00315298767669895,0.00459184943530081
2020-10-26,52624,0.00341584410353167,0.00372709088233492,0.00310646901693774,0.00451422973365566
2020-10-27,52621,0.00352789051631816,0.00384341936070647,0.00321298496380211,0.0046468727186688
2020-10-28,52772,0.00360658905347031,0.00391922077068452,0.0032810527497323,0.00473033753525944
2020-10-29,52902,0.00369601754171787,0.00407706853198688,0.00341822313864426,0.00490941479765051
2020-10-30,53113,0.00376242257893208,0.00410319379894988,0.00344535756385721,0.00493582281503086
2020-10-31,53279,0.00388597691357603,0.00418773734737952,0.00352753388620662,0.00502182401757693
2020-11-01,53353,0.00406292938300478,0.00439708440732877,0.00371552000414148,0.00524241332245064
2020-11-02,53889,0.004344468295383,0.00473108733515981,0.00402568188111994,0.0055991300434854
2020-11-03,54261,0.00450649956126316,0.00499270450037006,0.00426390957504874,0.00588255063839812
2020-11-04,54398,0.00472966735055898,0.00525052072023807,0.00450725147458082,0.00615672684248794
2020-11-05,54458,0.00478609684598721,0.00528827025941648,0.00454259180112491,0.00619676751732223
2020-11-06,54395,0.00491797935406092,0.00548338390771643,0.00471500646302906,0.00641531679869325
2020-11-07,54355,0.00495700951338502,0.00557538357409158,0.0047966676301308,0.00652110339511016
2020-11-08,54269,0.00481206287927263,0.0054560546582932,0.00468617503082915,0.00638999263045345
2020-11-09,54188,0.00488456523337971,0.00556001296747162,0.00477683288146944,0.00650663501449351
2020-11-10,54189,0.00491042112429928,0.00551785673636266,0.00474419994944784,0.00645418297493392
2020-11-11,54282,0.00493427400417409,0.00551104767547258,0.00474199418353349,0.00644224952601205
2020-11-12,54221,0.00507544434016913,0.00557298062705539,0.00480596604069883,0.00650647754073743
2020-11-13,54189,0.00510789549523405,0.00558443351251759,0.00481946715012635,0.00651193364149735
2020-11-14,54140,0.00510386682942621,0.00551139038009322,0.00475515433668584,0.00642984805059735
2020-11-15,54005,0.00519836158267605,0.00564558496976669,0.00487576768643631,0.00658216788762884
2020-11-16,53746,0.00516623639001234,0.00571612071142985,0.00493170378692674,0.00667004595340426
2020-11-17,53436,0.00529164131599673,0.00584707975582844,0.00505157814189043,0.00681346869626042
2020-11-18,52810,0.00532912238900352,0.00586543161771989,0.00506481021397736,0.00683737976625922
2020-11-19,51984,0.00525484769559229,0.00587354273285351,0.00505474307860854,0.00686397945776337
2020-11-20,50872,0.00529174689325822,0.00593434105968832,0.005100564952702,0.00694934134875473
2020-11-21,46306,0.00550198706117989,0.00612660176552603,0.00523382752330566,0.00724238233281912
2020-11-22,44669,0.0054786242602169,0.00607194839857022,0.00515983392935742,0.00723658543494673
2020-11-23,43775,0.0055475610047275,0.00618197967458187,0.00524515387366633,0.00736873433465535
2020-11-24,43154,0.00569579288892805,0.00635902366354307,0.00540431144445878,0.00755259743169019
2020-11-25,42803,0.00572563676065454,0.00636642720621798,0.00541012395851852,0.0075786367810204
2020-11-26,42467,0.00567853723016152,0.00630096109094142,0.00534995436831439,0.00752346123008756
2020-11-27,41695,0.00563025981934776,0.00629490973776346,0.00533043545260572,0.00752723678584483
2020-11-28,41505,0.00568417138368202,0.00634671845765489,0.00537820360133819,0.0075828998002297
2020-11-29,41509,0.00557467096058287,0.00614607652273961,0.00520995176039041,0.00736575885987962
2020-11-30,45620,0.00546508947047351,0.00603506163854712,0.00515792593522582,0.00714115234400558
2020-12-01,46534,0.00536619249221826,0.00585451948155389,0.00500384844549833,0.00693710313500046
2020-12-02,46865,0.00534677459907599,0.00582717743886387,0.00498217203613687,0.00690376146985833
2020-12-03,46996,0.00534534536947302,0.00580499008707435,0.00495695324778508,0.00689832121776913
2020-12-04,47196,0.00537891762934188,0.00585548000372763,0.00500568388146045,0.00694558101430102
2020-12-05,47297,0.00541412963811373,0.00589161699600025,0.00504085498065276,0.00698693106071927
2020-12-06,47601,0.00545071410746239,0.00590421307344715,0.00505774017743303,0.00699331606504289
2020-12-07,44895,0.00556214918763914,0.00599700702846216,0.00511274243184807,0.00715478255129548
2020-12-08,44274,0.00556377941058782,0.00597956328254493,0.00509401526375323,0.0071275795429523
2020-12-09,44032,0.00569772871186323,0.00606572781907033,0.00517689221273944,0.00721474366515249
2020-12-10,43865,0.00565982704518451,0.00605492205287839,0.00516092346450901,0.00720982108963135
2020-12-11,43629,0.00570634114034132,0.00611309808003237,0.00520656915576967,0.00729010546118865
2020-12-12,43331,0.0055964172706693,0.00598079767215927,0.00508252003931582,0.00716523889343147
2020-12-13,43012,0.00562368393497163,0.00599569673545304,0.00509445901167042,0.00718867784118535
2020-12-14,42802,0.0055672438587782,0.00602747633824837,0.00510547252082227,0.00723767417410452
2020-12-15,42598,0.00561690923437024,0.00616411204614107,0.00522691578444267,0.00738428477144039
2020-12-16,42377,0.00556232299603062,0.00615465623146281,0.00520832919791554,0.00739204403975615
2020-12-17,42188,0.00543301461567386,0.00601596266226695,0.0050684982587682,0.00725016446985014
2020-12-18,42800,0.00546041933377715,0.00608521688671119,0.0051447897952789,0.00729331282557809
2020-12-19,42937,0.00547582696136327,0.00602473017813616,0.00509393950530523,0.00720939517405313
2020-12-20,43037,0.00545188266906013,0.00587638817263756,0.004977432019298,0.00703550282761887
2020-12-21,42748,0.00530149883005198,0.00575007152932867,0.00486139738887381,0.00689483298456511
2020-12-22,43380,0.00533877785987984,0.00589189376799742,0.0049901865834396,0.00703166289983478
2020-12-23,43443,0.00526638322790973,0.00582365941791557,0.00492142266549874,0.00696081623054131
2020-12-24,42956,0.0052747450941967,0.00583700561041783,0.00492348764736684,0.00698680021420633
2020-12-25,42239,0.00507076787814059,0.0055356618594947,0.00464018577165139,0.00669574322783558
2020-12-26,42018,0.00513244019194336,0.00561118048469535,0.00470006866946776,0.00679305132064219
2020-12-27,41758,0.00516232634994986,0.00557316675970527,0.00466645158954495,0.00675613903350882
2020-12-28,41528,0.00526079855719002,0.00563106895744911,0.00472451201898496,0.0068074775337777
2020-12-29,40559,0.00525192558468138,0.00559124024206935,0.00467622620914988,0.00680173748145471
2020-12-30,40241,0.00529014801864637,0.00561793733314139,0.00469145236942071,0.00685508699136484
2020-12-31,40928,0.00527505355002741,0.00558554742791759,0.00468020644701328,0.00681565491638429
2021-01-01,40978,0.00513528739022019,0.00551464683604617,0.00460505051500156,0.00675060193884454
2021-01-02,40920,0.00509743514200849,0.00541538889078249,0.00452196136622327,0.00662653591098721
2021-01-03,40774,0.00503943093932132,0.00531844514069312,0.00443063020699822,0.00652488784958192
2021-01-04,40766,0.00496324785469715,0.00520832314555917,0.00432982275655554,0.00643325350710746
2021-01-05,40626,0.00491357289404768,0.00507469835931692,0.00422026623462511,0.00626551890387141
2021-01-06,40502,0.0048678119343863,0.00503677826948459,0.00418023580006762,0.00620498499609638
2021-01-07,39929,0.00481984582816472,0.00492857290594052,0.00408007419372681,0.00608210005914336
2021-01-08,39685,0.00473609967457108,0.00481267859331794,0.00396867174811228,0.00595986585878121
2021-01-09,39487,0.00483075566158777,0.00494293915844147,0.00408892286397019,0.00612433762136276
2021-01-10,39332,0.0046625844636321,0.00480286494525707,0.00395658123980705,0.0059853322040385
2021-01-11,39286,0.00470479747062226,0.00483024442962528,0.0039825667865818,0.00599975424227573
2021-01-12,39168,0.00472515410081889,0.00496891152883516,0.00408472175460962,0.00617064731924214
2021-01-13,38992,0.00464107222313642,0.00494793392747806,0.00405399427100578,0.00616750364788168
2021-01-14,38849,0.00445702201087151,0.00480534692835224,0.00391991206645744,0.00601169387662796
2021-01-15,38609,0.00439327337122468,0.00468125680330142,0.00381477539172275,0.00588167768124986
2021-01-16,38448,0.00426348715682041,0.00460321847227043,0.00373374855351491,0.00580191900354553
2021-01-17,38185,0.00420104897381828,0.00447824188344903,0.00362176864412306,0.00567158072239702
2021-01-18,37970,0.00412178212676138,0.00443398460159008,0.00358083767642788,0.00559924244063593
2021-01-19,37847,0.00401046651464167,0.00420084483878974,0.00339134073124193,0.00534685758991251
2021-01-20,37662,0.0040706541224616,0.00433162950855781,0.0035055514153096,0.00550083697298411
2021-01-21,37516,0.00410588455087935,0.00429498691490843,0.00348624766751331,0.00544226739507978
2021-01-22,37320,0.00409387321864112,0.00425485193682527,0.00344889703287384,0.00541014245510814
2021-01-23,37224,0.00410181218255294,0.00423026982167175,0.00342698942866336,0.00537075062601564
2021-01-24,37183,0.00396184885310449,0.00416965502778614,0.00335114446630083,0.00532663733269726
2021-01-25,37107,0.00395568745896106,0.00416144465407409,0.00334287831618619,0.00533368097547044
2021-01-26,37034,0.00400374402731306,0.00426946647416669,0.00342789563053684,0.0054819240964076
2021-01-27,36862,0.00404293874740713,0.00425976846405538,0.0034193529008621,0.00548019259626881
2021-01-28,36634,0.00390017683951387,0.00418562065804937,0.00335242066410429,0.00540930789690853
2021-01-29,37047,0.00386095869958332,0.00412378648786996,0.00330526265332947,0.00532277584137952
2021-01-30,36984,0.00375013044624957,0.00405363041393511,0.00323570473637013,0.0052536581384133
2021-01-31,36819,0.0037663572443091,0.00399410749255044,0.00319043262094953,0.0051795399370818
2021-02-01,36650,0.00381107423715091,0.00405115383254279,0.00323908189264141,0.00524463879201962
2021-02-02,36574,0.00389611460411928,0.00413341860155124,0.00331201837373218,0.00533541535620884
2021-02-03,36415,0.00389548581223085,0.00417357688550258,0.00334336985423286,0.00537544632629087
2021-02-04,36271,0.00387845502301488,0.00414670578553726,0.00330414862995909,0.0053819138570823
2021-02-05,35919,0.0037436548874604,0.0040662708986511,0.00322303217385271,0.00532262784116815
2021-02-06,35842,0.00366229527326518,0.00402571219350256,0.00318860600550199,0.00527621952249617
2021-02-07,35730,0.00367740674035113,0.00404656301346087,0.00320803147189468,0.005298126599198
2021-02-08,35557,0.00362836846189544,0.00398286037090195,0.00313652802892426,0.00525925157058038
2021-02-09,35366,0.00367529261983573,0.00404457197809801,0.00319810384855457,0.0053051609794207
2021-02-10,35188,0.00372496024245212,0.00409376496226579,0.00324454250465318,0.00535615813532211
2021-02-11,35002,0.00365117704405273,0.00406532909375106,0.00321890859103375,0.00532530775609691
2021-02-12,34611,0.00357087737628079,0.00401126950769772,0.0031605328860231,0.00525231476119883
2021-02-13,34482,0.00361311917125731,0.00404391656718606,0.00317543313272336,0.00530450156098608
2021-02-14,34185,0.00355219121343006,0.00394252836202594,0.00309270173796085,0.00518446500821284
2021-02-15,34937,0.00363807607451809,0.00416919551092366,0.00328203010407637,0.00542644089342002
2021-02-16,38269,0.00397312005088045,0.00442580036690555,0.00356907351776709,0.00561380291067613
2021-02-17,38826,0.004008129758377,0.00442005461871714,0.00357823027679539,0.00558347933085548
2021-02-18,38966,0.00411081785398806,0.00444190356897654,0.00360811658748627,0.00559567642689277
2021-02-19,38973,0.00420922116512672,0.00460633318620202,0.00375861531063771,0.00578914054157378
2021-02-20,39002,0.00427464654378587,0.00468528457366757,0.00382809221286952,0.00587721112631879
2021-02-21,39104,0.00428889278401119,0.00464930122358919,0.00379643495832577,0.00582852764090301
2021-02-22,39994,0.00416862713545779,0.00441166459067421,0.00360942387773814,0.00553146319944003
2021-02-23,38067,0.00421140713607218,0.00447742276809297,0.0036419692057324,0.00566982735298914
2021-02-24,37804,0.00417807450922481,0.0045281035422827,0.00367480917912756,0.00574798115061662
2021-02-25,38104,0.00419931887081187,0.00456908017903873,0.00371795676783807,0.00579715255634118
2021-02-26,37993,0.00417439686607432,0.00447925305422683,0.00363646578475669,0.00571720023082567
2021-02-27,37864,0.00410470316306524,0.00437044303113665,0.00354572727507361,0.00557076856687227
2021-02-28,37689,0.00401200048529335,0.00431903529165931,0.00349248339402726,0.00551342721621936
2021-03-01,37607,0.00405050403015302,0.00443408312780717,0.00359162882897673,0.00563350949158645
2021-03-02,37410,0.00371231804448766,0.00415776349109794,0.00331283507140694,0.00535259189331419
2021-03-03,37318,0.00366411571163524,0.00402651311222477,0.00321119743248147,0.00519059914953501
2021-03-04,36685,0.00365303781036748,0.00401117871039083,0.00318678329095539,0.0051788095869596
2021-03-05,36558,0.0037089203613469,0.00414056121366567,0.00329686326979017,0.00532719423828113
2021-03-06,36480,0.00371791263560757,0.00418188959946669,0.00332641688842173,0.00538827749310138
2021-03-07,36379,0.00367958286100338,0.00417905249292874,0.00332400393177611,0.00538908027182858
2021-03-08,36308,0.00366657062867024,0.00414901863806369,0.00330052524306422,0.00537231314464369
2021-03-09,36224,0.00372012593187522,0.00420729412847524,0.00336145551595984,0.0054260969003345
2021-03-10,36096,0.00365174624984775,0.00394255840376131,0.00314222335748335,0.00513531123366042
2021-03-11,35984,0.00378843014277769,0.00411183443550433,0.00329585085809666,0.0053393158059067
2021-03-12,36019,0.00386510686438465,0.00416434713895654,0.00334743256030405,0.00541590609735563
2021-03-13,36187,0.00386871361161572,0.00415734038590066,0.00333981332251797,0.00540973579317163
2021-03-14,36316,0.00394665535653817,0.00441003323079213,0.00352542376728067,0.00570708824976876
2021-03-15,36424,0.00393433738346348,0.00440345605828931,0.0035092147084021,0.0057115662463475
2021-03-16,36462,0.00385485252658519,0.00426634252945937,0.00339644317215622,0.00557407941277132
2021-03-17,36430,0.00424423216699864,0.00460418066594458,0.00371595981532496,0.00590072780157337
2021-03-18,36384,0.00412892693398319,0.00454051472362785,0.00365329317372062,0.00583739706779529
2021-03-19,36254,0.00362298583633139,0.00405623533620866,0.00320714000607571,0.00532225416705631
2021-03-20,36043,0.00361378766472616,0.00401057136524149,0.00316971564190124,0.00522021191379143
2021-03-21,35888,0.00365348043367115,0.0040185959694661,0.00318000413340634,0.00521734261310253
2021-03-22,35752,0.00366141781611378,0.00404907758110035,0.00320850841162986,0.00525558140357116
2021-03-23,35599,0.00356271942693128,0.00391470820821982,0.00309362821512828,0.00510417027798285
2021-03-24,35481,0.00352184645398769,0.00390841512169582,0.00308638187415397,0.00510798443180969
2021-03-25,35301,0.00358762645612827,0.00391433971493634,0.00309071888858117,0.00509503706201956
2021-03-26,35127,0.0035365437297573,0.00391351347232541,0.00307638958109164,0.00514165307954212
2021-03-27,35068,0.00359797970260869,0.00401127153720593,0.00316501714443769,0.00524717147481977
2021-03-28,34928,0.00351879270010856,0.00394877182083969,0.00310211690114356,0.00519905944627483
2021-03-29,34859,0.00359124918267437,0.00405105866935076,0.00319394972520959,0.00532631050364609
2021-03-30,34844,0.00390526275854955,0.00438403847813042,0.00349867137648242,0.00566192676264207
2021-03-31,34685,0.00388024014045359,0.00445570685165013,0.0035436734105224,0.00574421486522407
2021-04-01,34513,0.00379648903634567,0.00435899009058943,0.00345244858272686,0.00566176958278842
2021-04-02,34473,0.00393187117529466,0.00440342522726173,0.00348838820479371,0.00575843907602139
2021-04-03,34272,0.00383552168554672,0.00430887691272122,0.00340417650938758,0.00564264970753422
2021-04-04,34184,0.00380776353839925,0.00436351475614212,0.00344772207067364,0.00573330546614623
2021-04-05,34143,0.00395135299611388,0.00463987282881658,0.00367877392988979,0.00605365103936269
2021-04-06,34152,0.0038598089259388,0.00449246882567767,0.00354264545307515,0.00588471841919353
2021-04-07,34214,0.00387101148191181,0.0044612432168659,0.00352218025291494,0.00584204162297234
2021-04-08,34262,0.00410805175740948,0.00470333133478623,0.00374547463966953,0.00609917576181221
2021-04-09,34184,0.00417142764555261,0.00472110660722692,0.00376604779204664,0.00613951356047903
2021-04-10,34188,0.00424335734660083,0.00475848037567279,0.00380465174915479,0.00618916502460748
2021-04-11,34134,0.00417784291792226,0.00465016115864904,0.00370594982341906,0.00605817117079112
2021-04-12,33983,0.00409351730344559,0.0046412520125033,0.00368617431341728,0.00604815965768025
2021-04-13,33886,0.00423835992452195,0.00474035274192473,0.00376758539123094,0.00620830352496772
2021-04-14,33743,0.00430824722898686,0.00491858732076061,0.00390565513025886,0.00642702491365201
2021-04-15,33655,0.00421417541204577,0.00475711202203823,0.00377492555176819,0.00621963839133792
2021-04-16,33630,0.00428175565394573,0.00487282988814654,0.00387834230399557,0.00633189746068988
2021-04-17,33600,0.00428703419133421,0.00483756036632153,0.00384942063157312,0.00627696348010178
2021-04-18,33435,0.00409735137052302,0.00459420850581174,0.00363501861087494,0.00598255155703169
2021-04-19,33330,0.00399861131990074,0.00457485297942269,0.00360115245633598,0.0059950976913073
2021-04-20,33243,0.0039583214805982,0.00444526997373931,0.00349338758048102,0.00584408278664634
2021-04-21,33208,0.00394213604607103,0.00437473437869195,0.00343021686058835,0.00575227131465925
2021-04-22,33138,0.00391385719002924,0.00432013501863481,0.00338529269550882,0.00567703029091493
2021-04-23,33034,0.00396195026422161,0.00453004759314592,0.00355376850377964,0.0059545324174661
2021-04-24,32846,0.00390470719447315,0.00444227212135604,0.00347876941158926,0.00587057912447355
2021-04-25,32518,0.0038475752355382,0.00435506276765009,0.00339778335305307,0.00577879947072015
2021-04-26,32088,0.00385018438622226,0.00448610317429682,0.00349141979113849,0.00596637844523524
2021-04-27,31008,0.0038273541893441,0.00436372390348294,0.00336972244288634,0.0058834425689799
2021-04-28,30155,0.00388682929012421,0.00451106691786183,0.00346379262506799,0.00613862253591924
2021-04-29,29230,0.00398066566892141,0.0046901128333455,0.00357135747582311,0.00645189500602494
2021-04-30,28613,0.00382345425460724,0.00451149937440434,0.00338853334841498,0.00633740485906007
2021-05-01,28204,0.0037751972707031,0.00444489415227113,0.00332827692670275,0.00624816744062354
2021-05-02,27902,0.00363304207828927,0.004412531471113,0.00326959520477158,0.00633102654524056
2021-05-03,27711,0.00359705355082282,0.00428084149973733,0.00316363113687232,0.00609175623673437
2021-05-04,27590,0.00364135525131989,0.00433704023070024,0.0032031992537503,0.00620389347206128
2021-05-05,27466,0.00381137379981207,0.00466129324194768,0.00346098887070665,0.00659109060592944
2021-05-06,27426,0.00374018178676037,0.00460185110323735,0.00343058676401141,0.00650050173880068
2021-05-07,27365,0.00377414926300838,0.00468671751288894,0.00348664966177286,0.00661515565386791
2021-05-08,30635,0.00370859127934767,0.00438040557674261,0.00335257829669383,0.00590273366222761
2021-05-09,32165,0.00362652925917171,0.00434246188178133,0.00332848329249535,0.00581693955440868
2021-05-10,32992,0.003648384060498,0.00425130177189872,0.00330218964410817,0.00563786317586828
2021-05-11,33539,0.0036736692072415,0.00435510660824427,0.00339108152867318,0.0057423229508727
2021-05-12,33912,0.00359745931045527,0.00413461135807705,0.00322902197091444,0.00546307846494576
2021-05-13,34236,0.00366750810825489,0.00424081095600058,0.00329845018347077,0.00560616311259197
2021-05-14,34525,0.00369315276259035,0.00435743815843293,0.00339971108679405,0.00573721473457714
2021-05-15,34451,0.00354407247601013,0.00408261961220511,0.00316571743745356,0.00545196809987016
2021-05-16,34392,0.00353098726014059,0.00412584300569083,0.00318116147865964,0.00554222654405412
2021-05-17,34323,0.00339059714878051,0.00403711654669234,0.00309895982384638,0.00543267273093371
2021-05-18,34255,0.00337871909373917,0.00390392859403325,0.00299745238058026,0.00528346320403141
2021-05-19,34225,0.00339140631001447,0.00397170802562394,0.00305174243383343,0.00536456544854736
2021-05-20,34221,0.00336408910473186,0.00380310646433147,0.00291629813911748,0.00513156034345413
2021-05-21,34184,0.00334022813896816,0.00388649617496783,0.00297227775203397,0.0052756087963333
2021-05-22,34075,0.00320246253601779,0.00362733584611228,0.00276156190922915,0.00498780080418309
2021-05-23,33951,0.00303694948849725,0.00351881860309403,0.00264715743559757,0.00487190652879686
2021-05-24,33841,0.00300096571590217,0.00348182239557843,0.00261880808144676,0.00484459387879266
2021-05-25,33862,0.00304495405509255,0.00348843112298193,0.00263887013972606,0.00480007605496728
2021-05-26,33875,0.00305516784015438,0.00347218147431091,0.00261709429793315,0.00480774607132751
2021-05-27,34171,0.0031803822882927,0.00367215085467772,0.0027853522355768,0.0050551992377993
2021-05-28,34278,0.00317681797156705,0.00361965508150881,0.00275599785490876,0.00497796949513181
2021-05-29,34139,0.00310903382680528,0.00364962069837765,0.00277020913474938,0.00499012662831921
2021-05-30,33939,0.00304687529346637,0.00362265135643022,0.00273601949268046,0.00500737060847533
2021-05-31,33824,0.00296881055996393,0.00355100936842968,0.00267936363234343,0.00492109294064676
2021-06-01,33742,0.00293685228082201,0.00346508011662836,0.00261043502164644,0.00480040580252593
2021-06-02,33634,0.00293653019820852,0.00339713898362285,0.00255153111945716,0.00472460875888821
2021-06-03,33326,0.0029524270896554,0.00340314622252937,0.0025464284156006,0.00474335777856222
2021-06-04,33124,0.00287236555767203,0.00322912250971109,0.00238876195512097,0.00459634793392902
2021-06-05,33091,0.00275855890584956,0.00317752530650126,0.00233074174793437,0.00453428792506051
2021-06-06,33088,0.00265557776596044,0.00299181994516666,0.00218276517292784,0.00427676789689749
2021-06-07,33019,0.00268138662099753,0.00299603942125184,0.00219229354046079,0.0042440186815689
2021-06-08,33010,0.00268756858322704,0.00301409521484343,0.00221778509243869,0.00426695135324841
2021-06-09,32960,0.00265648020887758,0.00300747171868672,0.00220182537198924,0.00427177838673921
2021-06-10,32898,0.00265530709752492,0.0029503641379429,0.00215778398125472,0.00420172125504793
2021-06-11,32821,0.00267756054226123,0.00301393182371971,0.00220479755526261,0.00428211597465053
2021-06-12,32722,0.00267091043499701,0.0028929897479935,0.00212503862211477,0.00410286502623483
2021-06-13,32699,0.00260534722171985,0.00286327553214873,0.00208586463046043,0.00410066075079877
2021-06-14,32660,0.00263892312338889,0.00288207766006015,0.00211386962132692,0.00412377002640981
2021-06-15,32668,0.00275941890621352,0.00296470309966679,0.00219675332575777,0.0041713754973204
2021-06-16,32431,0.00290242974373728,0.00315294899924343,0.00236167410313335,0.00437924066921504
2021-06-17,31680,0.00299389835056332,0.00314351087221685,0.00236413726118963,0.0043562205084726
2021-06-18,32777,0.00327027338849644,0.00348830184926497,0.00268072668329447,0.00469535330634362
2021-06-19,33015,0.0033151632261431,0.00351066982939947,0.00271041375531634,0.0047209371576166
2021-06-20,33046,0.00326354713160428,0.00357326739537446,0.00275303250585645,0.00479225061201774
2021-06-21,33051,0.00313661786761749,0.00344612992428454,0.00263844771484664,0.00464322131641821
2021-06-22,32946,0.00313251982778911,0.00342104599094387,0.00261591675822811,0.00461600613491488
2021-06-23,32947,0.00307461256673683,0.00332672646823533,0.00253431333470097,0.00452166992501326
2021-06-24,32838,0.00305472980914101,0.00321206999634213,0.0024532188830584,0.00438468989439256
2021-06-25,31895,0.0028342208653323,0.00295998647030585,0.00221304903453234,0.00419134324827553
2021-06-26,31722,0.00261996851723009,0.00270311914368953,0.00200349700540421,0.00389164054182402
2021-06-27,31724,0.00247919458045052,0.00250316395634713,0.00183590030000071,0.00364553915351818
2021-06-28,31593,0.00239381793574702,0.00243582109343249,0.00176854768817883,0.00362046493237397
2021-06-29,31573,0.00237837754101486,0.00246420166081384,0.00178835369092262,0.00363683417290993
2021-06-30,31549,0.00239704805754766,0.00252410376662432,0.0018252062209558,0.00372021935882733
2021-07-01,31547,0.00236899680219412,0.00249483737008765,0.00179513622897131,0.0036933910752136
2021-07-02,31649,0.00236458974699991,0.00243795196557747,0.00176370495415217,0.00359150518239411
2021-07-03,31584,0.00232818107860834,0.00245934797108326,0.00175819931387075,0.00364319868044927
2021-07-04,31426,0.00221438530841881,0.00234930961445689,0.00166507325258231,0.00350235333435101
2021-07-05,31640,0.00215682365419235,0.00233768748304462,0.00164968282239664,0.00346599380651451
2021-07-06,31579,0.00217238073900238,0.00231544888575051,0.00163514254715133,0.00343569940960488
2021-07-07,31465,0.00228520712511619,0.00237701203448339,0.00170197163812326,0.0034874930255903
2021-07-08,31346,0.00226186669652196,0.00240158992447381,0.00171267370485388,0.00350181427363906
2021-07-09,31266,0.00230208255228727,0.00240339657456942,0.00171841481109511,0.00351106593030561
2021-07-10,31182,0.00225003891133694,0.0024105700915452,0.00171935650246542,0.00351310620582338
2021-07-11,31072,0.0021286711848454,0.00226468422312105,0.00159586333921353,0.00334808905282635
2021-07-12,30828,0.00202591860260616,0.00205008454784592,0.00144058872016851,0.00313236673648344
2021-07-13,30671,0.00204616100646525,0.00217036724673538,0.00151223042932862,0.00330285992147262
2021-07-14,30517,0.00197737767492536,0.00206268825173441,0.00143081602768966,0.0031395992426015
2021-07-15,30429,0.0019847123180377,0.0021604026125288,0.00149196236406932,0.00329021672065371
2021-07-16,30382,0.00186797695320142,0.00202602121887558,0.00137512345193236,0.00314345280768917
2021-07-17,30230,0.00183864162523507,0.00200978035093982,0.00135235604399991,0.00313649265436818
2021-07-18,30161,0.00182665025324179,0.00195355579995585,0.00131732380841416,0.00305813172464536
2021-07-19,30202,0.0018476889734309,0.00193848074112676,0.00131641432304079,0.00302675727751177
2021-07-20,30199,0.00190041001568394,0.00204275659473163,0.0013971276867782,0.00315254088014521
2021-07-21,30131,0.00194946571643576,0.00213228903981109,0.00146048844314933,0.00327510687598335
2021-07-22,30237,0.00195830079246248,0.00216947612384866,0.00150483138541279,0.00328464329337627
2021-07-23,30200,0.0019409454055764,0.00219403614007314,0.00151722141788913,0.00333889052345577
2021-07-24,30119,0.00192268907764531,0.00217321740363197,0.00149351652235174,0.00331601267030073
2021-07-25,29976,0.00182333655415057,0.00200464783871697,0.00135610301550634,0.00312781221031417
2021-07-26,29885,0.0017664699408969,0.00197157788493493,0.00131827847645661,0.00310310471317957
2021-07-27,29869,0.00182336613448119,0.00198055061788051,0.00134594706740449,0.00306632899872964
2021-07-28,29888,0.00188342769208359,0.00206732437819459,0.00142635894115456,0.00316977918270393
2021-07-29,29834,0.00194287820796021,0.00212985251026159,0.00148324481533412,0.00322039061114019
2021-07-30,29773,0.00193740585152713,0.00217715821945356,0.0015099879870465,0.00330216112578296
2021-07-31,29727,0.00194265440845548,0.00222542976836966,0.00154405875341526,0.00338248442256378
2021-08-01,29731,0.00188780389128819,0.00211193648978958,0.00144499187721899,0.0032760439971429
2021-08-02,29723,0.0019488906382859,0.00222800016489328,0.0015420635750486,0.00339044226246593
2021-08-03,29625,0.00199069841338061,0.00228228926809351,0.00158538415912269,0.00345462541004281
2021-08-04,29573,0.00199693868676717,0.00230801182010536,0.00160362572105897,0.00352284381178685
2021-08-05,29508,0.00198635806060897,0.00231809712383501,0.00161144502276299,0.00351678645267779
2021-08-06,29520,0.00195802531220059,0.00225503805489471,0.00155615905484169,0.00344834418491083
2021-08-07,29496,0.00198513946010283,0.0022569680022839,0.00156010711572531,0.00344769474610077
2021-08-08,29465,0.00187358324707774,0.00206356937241402,0.00141752023595494,0.00322468308917986
2021-08-09,29470,0.00190648597023534,0.00205719163105326,0.00141081044511034,0.00321913061061221
2021-08-10,29448,0.00198698247012105,0.00221947332434792,0.00153669940844035,0.00345644819066642
2021-08-11,29385,0.00214793766015171,0.00242991052209475,0.00170951497655594,0.00365645372983326
2021-08-12,29345,0.00216216012228682,0.00247485474067723,0.00172301940575767,0.00373657960519331
2021-08-13,29199,0.00212136819527091,0.00246566152121791,0.00171353863363717,0.0037690563645381
2021-08-14,29004,0.00205376838211217,0.00234532308695697,0.00161868096810082,0.00362599356078177
2021-08-15,28826,0.00196547751165127,0.00220450576517694,0.00150410302115427,0.00344139106327188
2021-08-16,28712,0.00197275445729978,0.00219580534099261,0.00151343767119091,0.00343385225331843
2021-08-17,28964,0.00207047597785645,0.00238742144949558,0.00166591586245638,0.00363762792148658
2021-08-18,28941,0.00219150731129095,0.00253472864859395,0.00179190035293569,0.00378197957667343
2021-08-19,28893,0.0020814845752974,0.00240233325326415,0.00167872001016119,0.00363439641392578
2021-08-20,28788,0.00212030009592921,0.00243646025161524,0.00171464040077791,0.00364625053166142
2021-08-21,28657,0.00207191679518864,0.0023596600812207,0.00165074136438367,0.00359661462828947
2021-08-22,28508,0.00195568111981681,0.00220954740491091,0.00152260790212815,0.00345206450042849
2021-08-23,28397,0.00199070354841531,0.00222533357339318,0.0015326031876916,0.00345159013251698
2021-08-25,28191,0.00217037216253044,0.0025392061050008,0.00177232982406704,0.00387896474610752
2021-08-26,28118,0.00226815451854466,0.00272622913799177,0.00191986125058252,0.00412688357097425
2021-08-27,28057,0.00223546863793139,0.00258720823945015,0.00181866283704607,0.0039802985664761
2021-08-28,28040,0.00225067800903127,0.00261868453147437,0.00183696854881527,0.00399674507940446
2021-08-29,27972,0.00228884156719329,0.00268473881205564,0.00189744321598977,0.00406543153739282
2021-08-30,27898,0.00228999579574776,0.00267441593983205,0.00188643788008903,0.00403105032148129
2021-08-31,27754,0.00236158372955223,0.00271475340644865,0.00193095845659603,0.00408966458224612
2021-09-01,27664,0.00239853242263177,0.00273891492392965,0.00194782549048525,0.00409553584613503
2021-09-02,27624,0.00245320407271675,0.00286075287655899,0.002037869548189,0.00422552616783057
2021-09-03,27556,0.00249296401530011,0.00285754527081186,0.00204191904002681,0.00421383268388271
2021-09-04,27422,0.00251923213351602,0.00301592918365785,0.00214099464313301,0.00441481897806925
